{
  "checkpoint": "/home/jordan/Documents/Fundamental Research in Deep Learning/control_dataset/checkpoints/reduced_capacity/fno_best_val_kink.pt",
  "resolution": 512,
  "sample_idx": 0,
  "goal_exclude_frac": 0.05,
  "goal_near_frac": 0.2,
  "samples": [
    {
      "theta_deg": 180.0,
      "sample_idx": 0,
      "sample_id": 2250,
      "goal": [
        0.663537859916687,
        0.7229028344154358
      ],
      "n_free": 259926,
      "n_away": 255819,
      "n_near_goal": 65540,
      "n_far_from_goal": 194386,
      "gt_std_away": 0.20049862563610077,
      "gt_range_away": 0.9107791781425476,
      "pred_std_away": 0.07136305421590805,
      "pred_range_away": 0.3318214416503906,
      "std_ratio_away_pct": 35.59278972087815,
      "range_ratio_away_pct": 36.43269956249007,
      "whole_std_ratio_pct": 34.67615246772766,
      "kink_std_ratio_pct": NaN,
      "r_free_all": 0.5469784736633301,
      "r_near_goal": 0.3209369480609894,
      "r_far_from_goal": 0.5271635055541992
    },
    {
      "theta_deg": 150.0,
      "sample_idx": 0,
      "sample_id": 2450,
      "goal": [
        0.767009973526001,
        0.44733163714408875
      ],
      "n_free": 258987,
      "n_away": 253349,
      "n_near_goal": 59702,
      "n_far_from_goal": 199285,
      "gt_std_away": 0.19550958275794983,
      "gt_range_away": 0.8751814961433411,
      "pred_std_away": 0.06930036842823029,
      "pred_range_away": 0.31600844860076904,
      "std_ratio_away_pct": 35.44602134107536,
      "range_ratio_away_pct": 36.10776164639246,
      "whole_std_ratio_pct": 34.321728348731995,
      "kink_std_ratio_pct": 19.816118478775024,
      "r_free_all": 0.4138554334640503,
      "r_near_goal": 0.256359726190567,
      "r_far_from_goal": 0.34149110317230225
    },
    {
      "theta_deg": 120.0,
      "sample_idx": 0,
      "sample_id": 2650,
      "goal": [
        0.38995853066444397,
        0.4875757396221161
      ],
      "n_free": 260252,
      "n_away": 253916,
      "n_near_goal": 64377,
      "n_far_from_goal": 195875,
      "gt_std_away": 0.15111227333545685,
      "gt_range_away": 0.7274213433265686,
      "pred_std_away": 0.07329393178224564,
      "pred_range_away": 0.32227572798728943,
      "std_ratio_away_pct": 48.502964163300696,
      "range_ratio_away_pct": 44.30385923424946,
      "whole_std_ratio_pct": 47.04356491565704,
      "kink_std_ratio_pct": 89.33625221252441,
      "r_free_all": 0.7564802765846252,
      "r_near_goal": 0.7809143662452698,
      "r_far_from_goal": 0.5973859429359436
    },
    {
      "theta_deg": 90.0,
      "sample_idx": 0,
      "sample_id": 2850,
      "goal": [
        0.5922921299934387,
        0.29801857471466064
      ],
      "n_free": 257783,
      "n_away": 252444,
      "n_near_goal": 65633,
      "n_far_from_goal": 192150,
      "gt_std_away": 0.1812564879655838,
      "gt_range_away": 0.8495163917541504,
      "pred_std_away": 0.06978870183229446,
      "pred_range_away": 0.3066692650318146,
      "std_ratio_away_pct": 38.50273312453546,
      "range_ratio_away_pct": 36.09927577719589,
      "whole_std_ratio_pct": 37.27161884307861,
      "kink_std_ratio_pct": 136.35834455490112,
      "r_free_all": 0.4985553026199341,
      "r_near_goal": 0.2026575654745102,
      "r_far_from_goal": 0.468380331993103
    },
    {
      "theta_deg": 60.0,
      "sample_idx": 0,
      "sample_id": 3050,
      "goal": [
        0.10646704584360123,
        0.11404627561569214
      ],
      "n_free": 259828,
      "n_away": 253843,
      "n_near_goal": 35621,
      "n_far_from_goal": 224207,
      "gt_std_away": 0.26689669489860535,
      "gt_range_away": 1.1896307468414307,
      "pred_std_away": 0.06855320930480957,
      "pred_range_away": 0.3164080083370209,
      "std_ratio_away_pct": 25.68529720117107,
      "range_ratio_away_pct": 26.59716127690131,
      "whole_std_ratio_pct": 25.990256667137146,
      "kink_std_ratio_pct": 28.96367907524109,
      "r_free_all": 0.06662212312221527,
      "r_near_goal": -0.8935621380805969,
      "r_far_from_goal": 0.4476054906845093
    },
    {
      "theta_deg": 30.0,
      "sample_idx": 0,
      "sample_id": 3250,
      "goal": [
        0.398091584444046,
        0.9206117391586304
      ],
      "n_free": 260480,
      "n_away": 253940,
      "n_near_goal": 44520,
      "n_far_from_goal": 215960,
      "gt_std_away": 0.23964625597000122,
      "gt_range_away": 1.0300348997116089,
      "pred_std_away": 0.07535155862569809,
      "pred_range_away": 0.3271014392375946,
      "std_ratio_away_pct": 31.442827396030985,
      "range_ratio_away_pct": 31.75634527812379,
      "whole_std_ratio_pct": 30.348902940750122,
      "kink_std_ratio_pct": 85.98411679267883,
      "r_free_all": 0.348618745803833,
      "r_near_goal": -0.1572388857603073,
      "r_far_from_goal": 0.506405770778656
    },
    {
      "theta_deg": 10.0,
      "sample_idx": 0,
      "sample_id": 3450,
      "goal": [
        0.768030047416687,
        0.7194685339927673
      ],
      "n_free": 260572,
      "n_away": 253942,
      "n_near_goal": 61202,
      "n_far_from_goal": 199370,
      "gt_std_away": 0.22119048237800598,
      "gt_range_away": 0.9825772047042847,
      "pred_std_away": 0.07168705761432648,
      "pred_range_away": 0.3189764618873596,
      "std_ratio_away_pct": 32.40964839156871,
      "range_ratio_away_pct": 32.46324669045812,
      "whole_std_ratio_pct": 31.491181254386902,
      "kink_std_ratio_pct": 31.647861003875732,
      "r_free_all": 0.4261339604854584,
      "r_near_goal": 0.2626950740814209,
      "r_far_from_goal": 0.5115373134613037
    }
  ],
  "aggregate": {
    "mean_std_ratio_away_pct": 35.36889733408007,
    "mean_range_ratio_away_pct": 34.82290706654444,
    "mean_whole_std_ratio_pct": 34.4490579196385,
    "mean_kink_std_ratio_pct": 65.35106201966603,
    "mean_r_near_goal": 0.11039466517312187,
    "mean_r_far_from_goal": 0.48570992265428814,
    "mean_r_free_all": 0.4367491879633495,
    "pattern": "MIXED / WEAK CORRELATION"
  },
  "contour_path": "/home/jordan/Documents/Fundamental Research in Deep Learning/control_dataset/results/diagnosis/check2_reduced_capacity/contour_comparison_theta90.png",
  "report": "AWAY-FROM-EVERYTHING REGION (excl. kink mask AND goal-proximity 5% diag):\n  Samples: thetas=[180, 150, 120, 90, 60, 30, 10], idx=0, res=512\n  GT std / range (mean over samples): 0.2080 / 0.9379\n  Pred std / range (mean over samples): 0.0713 / 0.3199\n  Ratio std: 35.4% (per-\u03b8 25.7\u201348.5%)\n  Ratio range: 34.8% (per-\u03b8 26.6\u201344.3%)\n  Compare \u2014 near-kink std ratio (5% band): 19.8\u2013136.4% (mean 65.4%)\n  Compare \u2014 whole-domain free-space std ratio: 34.4% (prior baseline ~19\u201322%)\n\nPOINTWISE CORRELATION (Pearson r, free pixels):\n  All free pixels (mean over samples): 0.437\n  Near goal (within 20% domain diagonal): 0.110\n  Everywhere else (free, outside 20% goal zone): 0.486\n  Pattern: MIXED / WEAK CORRELATION\n\nCONTOUR COMPARISON: \u03b8=90 sample 0 (id=2850); saved contour_comparison_theta90.png. GT free V [0.000, 0.919]; pred free V [0.265, 0.572]. GT contours (blue, solid) and FNO pred contours (red, dashed), 9 levels each on [0,1]^2 with occupancy underlay."
}