{
  "checkpoint": "checkpoints/fno_best_val_kink.pt",
  "resolution": 512,
  "sample_idx": 0,
  "goal_exclude_frac": 0.05,
  "goal_near_frac": 0.2,
  "samples": [
    {
      "theta_deg": 180.0,
      "sample_idx": 0,
      "sample_id": 2250,
      "goal": [
        0.663537859916687,
        0.7229028344154358
      ],
      "n_free": 259926,
      "n_away": 255819,
      "n_near_goal": 65540,
      "n_far_from_goal": 194386,
      "gt_std_away": 0.20049862563610077,
      "gt_range_away": 0.9107791781425476,
      "pred_std_away": 0.03956257179379463,
      "pred_range_away": 0.19242870807647705,
      "std_ratio_away_pct": 19.7320912641065,
      "range_ratio_away_pct": 21.127921311169864,
      "whole_std_ratio_pct": 19.279657304286957,
      "kink_std_ratio_pct": NaN,
      "r_free_all": 0.602943495458616,
      "r_near_goal": 0.41849026241705267,
      "r_far_from_goal": 0.5289161739039095
    },
    {
      "theta_deg": 150.0,
      "sample_idx": 0,
      "sample_id": 2450,
      "goal": [
        0.767009973526001,
        0.44733163714408875
      ],
      "n_free": 258987,
      "n_away": 253349,
      "n_near_goal": 59702,
      "n_far_from_goal": 199285,
      "gt_std_away": 0.19550958275794983,
      "gt_range_away": 0.8751814961433411,
      "pred_std_away": 0.038265351206064224,
      "pred_range_away": 0.16780763864517212,
      "std_ratio_away_pct": 19.572110311052402,
      "range_ratio_away_pct": 19.174038686221017,
      "whole_std_ratio_pct": 19.012580811977386,
      "kink_std_ratio_pct": 24.699656665325165,
      "r_free_all": 0.4583545305782366,
      "r_near_goal": 0.22440152187967638,
      "r_far_from_goal": 0.46049922430965845
    },
    {
      "theta_deg": 120.0,
      "sample_idx": 0,
      "sample_id": 2650,
      "goal": [
        0.38995853066444397,
        0.4875757396221161
      ],
      "n_free": 260252,
      "n_away": 253916,
      "n_near_goal": 64377,
      "n_far_from_goal": 195875,
      "gt_std_away": 0.15111227333545685,
      "gt_range_away": 0.7274213433265686,
      "pred_std_away": 0.03992240130901337,
      "pred_range_away": 0.18969467282295227,
      "std_ratio_away_pct": 26.419032966560508,
      "range_ratio_away_pct": 26.077688613790194,
      "whole_std_ratio_pct": 25.660935044288635,
      "kink_std_ratio_pct": 57.87322521209717,
      "r_free_all": 0.6995145552323192,
      "r_near_goal": 0.6499243297091541,
      "r_far_from_goal": 0.5402726849246642
    },
    {
      "theta_deg": 90.0,
      "sample_idx": 0,
      "sample_id": 2850,
      "goal": [
        0.5922921299934387,
        0.29801857471466064
      ],
      "n_free": 257783,
      "n_away": 252444,
      "n_near_goal": 65633,
      "n_far_from_goal": 192150,
      "gt_std_away": 0.1812564879655838,
      "gt_range_away": 0.8495163917541504,
      "pred_std_away": 0.040457237511873245,
      "pred_range_away": 0.18047839403152466,
      "std_ratio_away_pct": 22.320435514316646,
      "range_ratio_away_pct": 21.244839509083306,
      "whole_std_ratio_pct": 21.67155146598816,
      "kink_std_ratio_pct": 91.87126159667969,
      "r_free_all": 0.5113481811394947,
      "r_near_goal": 0.17543953319930214,
      "r_far_from_goal": 0.424969321869063
    },
    {
      "theta_deg": 60.0,
      "sample_idx": 0,
      "sample_id": 3050,
      "goal": [
        0.10646704584360123,
        0.11404627561569214
      ],
      "n_free": 259828,
      "n_away": 253843,
      "n_near_goal": 35621,
      "n_far_from_goal": 224207,
      "gt_std_away": 0.26689669489860535,
      "gt_range_away": 1.1896307468414307,
      "pred_std_away": 0.03736458718776703,
      "pred_range_away": 0.17901301383972168,
      "std_ratio_away_pct": 13.999644020306029,
      "range_ratio_away_pct": 15.047779684159662,
      "whole_std_ratio_pct": 14.154070615768433,
      "kink_std_ratio_pct": 17.88911670446396,
      "r_free_all": -0.011174451575228575,
      "r_near_goal": -0.905238454057241,
      "r_far_from_goal": 0.3929381284972774
    },
    {
      "theta_deg": 30.0,
      "sample_idx": 0,
      "sample_id": 3250,
      "goal": [
        0.398091584444046,
        0.9206117391586304
      ],
      "n_free": 260480,
      "n_away": 253940,
      "n_near_goal": 44520,
      "n_far_from_goal": 215960,
      "gt_std_away": 0.23964625597000122,
      "gt_range_away": 1.0300348997116089,
      "pred_std_away": 0.039893340319395065,
      "pred_range_away": 0.1739090383052826,
      "std_ratio_away_pct": 16.64676135161022,
      "range_ratio_away_pct": 16.883800573550857,
      "whole_std_ratio_pct": 16.050656139850616,
      "kink_std_ratio_pct": 28.085041046142578,
      "r_free_all": 0.3607025232607784,
      "r_near_goal": -0.055100336930185685,
      "r_far_from_goal": 0.4730191187426318
    },
    {
      "theta_deg": 10.0,
      "sample_idx": 0,
      "sample_id": 3450,
      "goal": [
        0.768030047416687,
        0.7194685339927673
      ],
      "n_free": 260572,
      "n_away": 253942,
      "n_near_goal": 61202,
      "n_far_from_goal": 199370,
      "gt_std_away": 0.22119048237800598,
      "gt_range_away": 0.9825772047042847,
      "pred_std_away": 0.038790229707956314,
      "pred_range_away": 0.17375746369361877,
      "std_ratio_away_pct": 17.53702478105062,
      "range_ratio_away_pct": 17.68384844078615,
      "whole_std_ratio_pct": 17.095698416233063,
      "kink_std_ratio_pct": 14.021538197994232,
      "r_free_all": 0.4964887149176117,
      "r_near_goal": 0.331166882665497,
      "r_far_from_goal": 0.5618232697627781
    }
  ],
  "aggregate": {
    "mean_std_ratio_away_pct": 19.461014315571845,
    "mean_range_ratio_away_pct": 19.60570240268015,
    "mean_whole_std_ratio_pct": 18.989307114056178,
    "mean_kink_std_ratio_pct": 39.07330657045046,
    "mean_r_near_goal": 0.1198691055547508,
    "mean_r_far_from_goal": 0.4832054174299975,
    "mean_r_free_all": 0.44545393557311824,
    "pattern": "MIXED / WEAK CORRELATION"
  },
  "contour_path": "results/diagnosis/check2_checkpoints_verify/contour_comparison_theta90.png",
  "report": "AWAY-FROM-EVERYTHING REGION (excl. kink mask AND goal-proximity 5% diag):\n  Samples: thetas=[180, 150, 120, 90, 60, 30, 10], idx=0, res=512\n  GT std / range (mean over samples): 0.2080 / 0.9379\n  Pred std / range (mean over samples): 0.0392 / 0.1796\n  Ratio std: 19.5% (per-\u03b8 14.0\u201326.4%)\n  Ratio range: 19.6% (per-\u03b8 15.0\u201326.1%)\n  Compare \u2014 near-kink std ratio (5% band): 14.0\u201391.9% (mean 39.1%)\n  Compare \u2014 whole-domain free-space std ratio: 19.0% (prior baseline ~19\u201322%)\n\nPOINTWISE CORRELATION (Pearson r, free pixels):\n  All free pixels (mean over samples): 0.445\n  Near goal (within 20% domain diagonal): 0.120\n  Everywhere else (free, outside 20% goal zone): 0.483\n  Pattern: MIXED / WEAK CORRELATION\n\nCONTOUR COMPARISON: \u03b8=90 sample 0 (id=2850); saved contour_comparison_theta90.png. GT free V [0.000, 0.919]; pred free V [0.265, 0.446]. GT contours (blue, solid) and FNO pred contours (red, dashed), 9 levels each on [0,1]^2 with occupancy underlay."
}