{
  "theta_180_res_64": {
    "mean_whole_domain_rel_l2": 0.48582700073719026,
    "std_whole_domain_rel_l2": 0.0712541390354565,
    "mean_near_kink_rel_l2": 0.0,
    "std_near_kink_rel_l2": 0.0,
    "mean_rel_l2": 0.48582700073719026,
    "std_rel_l2": 0.0712541390354565,
    "n_samples": 50,
    "theta_deg": 180,
    "resolution": 64
  },
  "theta_180_res_128": {
    "mean_whole_domain_rel_l2": 0.49810839056968687,
    "std_whole_domain_rel_l2": 0.06870595774581383,
    "mean_near_kink_rel_l2": 0.0,
    "std_near_kink_rel_l2": 0.0,
    "mean_rel_l2": 0.49810839056968687,
    "std_rel_l2": 0.06870595774581383,
    "n_samples": 50,
    "theta_deg": 180,
    "resolution": 128
  },
  "theta_180_res_256": {
    "mean_whole_domain_rel_l2": 0.4838873338699341,
    "std_whole_domain_rel_l2": 0.06988550661129178,
    "mean_near_kink_rel_l2": 0.0,
    "std_near_kink_rel_l2": 0.0,
    "mean_rel_l2": 0.4838873338699341,
    "std_rel_l2": 0.06988550661129178,
    "n_samples": 50,
    "theta_deg": 180,
    "resolution": 256
  },
  "theta_180_res_512": {
    "mean_whole_domain_rel_l2": 0.4874741894006729,
    "std_whole_domain_rel_l2": 0.06721992323353959,
    "mean_near_kink_rel_l2": 0.0,
    "std_near_kink_rel_l2": 0.0,
    "mean_rel_l2": 0.4874741894006729,
    "std_rel_l2": 0.06721992323353959,
    "n_samples": 50,
    "theta_deg": 180,
    "resolution": 512
  },
  "theta_150_res_64": {
    "mean_whole_domain_rel_l2": 0.4969683641195297,
    "std_whole_domain_rel_l2": 0.06571228935469248,
    "mean_near_kink_rel_l2": 0.45625279456377027,
    "std_near_kink_rel_l2": 0.2599101905019824,
    "mean_rel_l2": 0.4969683641195297,
    "std_rel_l2": 0.06571228935469248,
    "n_samples": 50,
    "theta_deg": 150,
    "resolution": 64
  },
  "theta_150_res_128": {
    "mean_whole_domain_rel_l2": 0.4897348815202713,
    "std_whole_domain_rel_l2": 0.06226467238508418,
    "mean_near_kink_rel_l2": 0.4724366217851639,
    "std_near_kink_rel_l2": 0.38513953780285526,
    "mean_rel_l2": 0.4897348815202713,
    "std_rel_l2": 0.06226467238508418,
    "n_samples": 50,
    "theta_deg": 150,
    "resolution": 128
  },
  "theta_150_res_256": {
    "mean_whole_domain_rel_l2": 0.4647668296098709,
    "std_whole_domain_rel_l2": 0.08136984594608623,
    "mean_near_kink_rel_l2": 0.4431532448530197,
    "std_near_kink_rel_l2": 0.39328715559334115,
    "mean_rel_l2": 0.4647668296098709,
    "std_rel_l2": 0.08136984594608623,
    "n_samples": 50,
    "theta_deg": 150,
    "resolution": 256
  },
  "theta_150_res_512": {
    "mean_whole_domain_rel_l2": 0.48090215027332306,
    "std_whole_domain_rel_l2": 0.0724843061046435,
    "mean_near_kink_rel_l2": 0.3765146277099848,
    "std_near_kink_rel_l2": 0.27533210491207794,
    "mean_rel_l2": 0.48090215027332306,
    "std_rel_l2": 0.0724843061046435,
    "n_samples": 50,
    "theta_deg": 150,
    "resolution": 512
  },
  "theta_120_res_64": {
    "mean_whole_domain_rel_l2": 0.4936422348022461,
    "std_whole_domain_rel_l2": 0.07462223541155,
    "mean_near_kink_rel_l2": 0.4006430134177208,
    "std_near_kink_rel_l2": 0.33139270308583363,
    "mean_rel_l2": 0.4936422348022461,
    "std_rel_l2": 0.07462223541155,
    "n_samples": 50,
    "theta_deg": 120,
    "resolution": 64
  },
  "theta_120_res_128": {
    "mean_whole_domain_rel_l2": 0.47756571173667905,
    "std_whole_domain_rel_l2": 0.07587299875882877,
    "mean_near_kink_rel_l2": 0.36529882699251176,
    "std_near_kink_rel_l2": 0.183542291646346,
    "mean_rel_l2": 0.47756571173667905,
    "std_rel_l2": 0.07587299875882877,
    "n_samples": 50,
    "theta_deg": 120,
    "resolution": 128
  },
  "theta_120_res_256": {
    "mean_whole_domain_rel_l2": 0.4950015503168106,
    "std_whole_domain_rel_l2": 0.06832830286388195,
    "mean_near_kink_rel_l2": 0.40642115473747253,
    "std_near_kink_rel_l2": 0.2162596036880889,
    "mean_rel_l2": 0.4950015503168106,
    "std_rel_l2": 0.06832830286388195,
    "n_samples": 50,
    "theta_deg": 120,
    "resolution": 256
  },
  "theta_120_res_512": {
    "mean_whole_domain_rel_l2": 0.4905156797170639,
    "std_whole_domain_rel_l2": 0.07428691717345987,
    "mean_near_kink_rel_l2": 0.35603711262345317,
    "std_near_kink_rel_l2": 0.18974791535907298,
    "mean_rel_l2": 0.4905156797170639,
    "std_rel_l2": 0.07428691717345987,
    "n_samples": 50,
    "theta_deg": 120,
    "resolution": 512
  },
  "theta_90_res_64": {
    "mean_whole_domain_rel_l2": 0.5076188814640045,
    "std_whole_domain_rel_l2": 0.06114273805217847,
    "mean_near_kink_rel_l2": 0.4450606928765774,
    "std_near_kink_rel_l2": 0.37938111258169505,
    "mean_rel_l2": 0.5076188814640045,
    "std_rel_l2": 0.06114273805217847,
    "n_samples": 50,
    "theta_deg": 90,
    "resolution": 64
  },
  "theta_90_res_128": {
    "mean_whole_domain_rel_l2": 0.5016291558742523,
    "std_whole_domain_rel_l2": 0.0700119639173924,
    "mean_near_kink_rel_l2": 0.5166027505695819,
    "std_near_kink_rel_l2": 0.5526658907371577,
    "mean_rel_l2": 0.5016291558742523,
    "std_rel_l2": 0.0700119639173924,
    "n_samples": 50,
    "theta_deg": 90,
    "resolution": 128
  },
  "theta_90_res_256": {
    "mean_whole_domain_rel_l2": 0.4834779530763626,
    "std_whole_domain_rel_l2": 0.07638266871561682,
    "mean_near_kink_rel_l2": 0.45586635403335096,
    "std_near_kink_rel_l2": 0.4989809330025707,
    "mean_rel_l2": 0.4834779530763626,
    "std_rel_l2": 0.07638266871561682,
    "n_samples": 50,
    "theta_deg": 90,
    "resolution": 256
  },
  "theta_90_res_512": {
    "mean_whole_domain_rel_l2": 0.47952669620513916,
    "std_whole_domain_rel_l2": 0.07142810765485778,
    "mean_near_kink_rel_l2": 0.3894461583346128,
    "std_near_kink_rel_l2": 0.25368004160787383,
    "mean_rel_l2": 0.47952669620513916,
    "std_rel_l2": 0.07142810765485778,
    "n_samples": 50,
    "theta_deg": 90,
    "resolution": 512
  },
  "theta_60_res_64": {
    "mean_whole_domain_rel_l2": 0.48733564794063566,
    "std_whole_domain_rel_l2": 0.06654961641452957,
    "mean_near_kink_rel_l2": 0.5191717496514321,
    "std_near_kink_rel_l2": 0.530654200147274,
    "mean_rel_l2": 0.48733564794063566,
    "std_rel_l2": 0.06654961641452957,
    "n_samples": 50,
    "theta_deg": 60,
    "resolution": 64
  },
  "theta_60_res_128": {
    "mean_whole_domain_rel_l2": 0.5049523144960404,
    "std_whole_domain_rel_l2": 0.06777406357906891,
    "mean_near_kink_rel_l2": 0.4188620003312826,
    "std_near_kink_rel_l2": 0.16826068948911801,
    "mean_rel_l2": 0.5049523144960404,
    "std_rel_l2": 0.06777406357906891,
    "n_samples": 50,
    "theta_deg": 60,
    "resolution": 128
  },
  "theta_60_res_256": {
    "mean_whole_domain_rel_l2": 0.4863408297300339,
    "std_whole_domain_rel_l2": 0.07830272210443749,
    "mean_near_kink_rel_l2": 0.41268297389149666,
    "std_near_kink_rel_l2": 0.20434279579240594,
    "mean_rel_l2": 0.4863408297300339,
    "std_rel_l2": 0.07830272210443749,
    "n_samples": 50,
    "theta_deg": 60,
    "resolution": 256
  },
  "theta_60_res_512": {
    "mean_whole_domain_rel_l2": 0.4923601543903351,
    "std_whole_domain_rel_l2": 0.07401306626777478,
    "mean_near_kink_rel_l2": 0.38463879212737084,
    "std_near_kink_rel_l2": 0.19146745759763345,
    "mean_rel_l2": 0.4923601543903351,
    "std_rel_l2": 0.07401306626777478,
    "n_samples": 50,
    "theta_deg": 60,
    "resolution": 512
  },
  "theta_30_res_64": {
    "mean_whole_domain_rel_l2": 0.4918464523553848,
    "std_whole_domain_rel_l2": 0.060076707478727266,
    "mean_near_kink_rel_l2": 0.4890927545726299,
    "std_near_kink_rel_l2": 0.31972325873478225,
    "mean_rel_l2": 0.4918464523553848,
    "std_rel_l2": 0.060076707478727266,
    "n_samples": 50,
    "theta_deg": 30,
    "resolution": 64
  },
  "theta_30_res_128": {
    "mean_whole_domain_rel_l2": 0.4964919972419739,
    "std_whole_domain_rel_l2": 0.06708538757118358,
    "mean_near_kink_rel_l2": 0.5300548523664474,
    "std_near_kink_rel_l2": 0.5398165180041482,
    "mean_rel_l2": 0.4964919972419739,