theta_deg,test_near_kink_mean_res64,test_near_kink_std_res64,val_kink_epoch8_aggregate,lambda_kink
180,0.0,0.0,0.4465874587496122,100
150,0.45625279456377027,0.2599101905019824,0.4465874587496122,100
120,0.4006430134177208,0.33139270308583363,0.4465874587496122,100
90,0.4450606928765774,0.37938111258169505,0.4465874587496122,100
60,0.5191717496514321,0.530654200147274,0.4465874587496122,100
30,0.4890927545726299,0.31972325873478225,0.4465874587496122,100
10,0.45444296061992645,0.3036990810192979,0.4465874587496122,100
