{
  "checkpoint": "checkpoints/reduced_capacity/fno_best_val_kink.pt",
  "resolution": 512,
  "sample_idx": 0,
  "goal_exclude_frac": 0.05,
  "goal_near_frac": 0.2,
  "samples": [
    {
      "theta_deg": 180.0,
      "sample_idx": 0,
      "sample_id": 2250,
      "goal": [
        0.663537859916687,
        0.7229028344154358
      ],
      "n_free": 259926,
      "n_away": 255819,
      "n_near_goal": 65540,
      "n_far_from_goal": 194386,
      "gt_std_away": 0.20049862563610077,
      "gt_range_away": 0.9107791781425476,
      "pred_std_away": 0.07136304676532745,
      "pred_range_away": 0.33182138204574585,
      "std_ratio_away_pct": 35.59278600485239,
      "range_ratio_away_pct": 36.432693018132646,
      "whole_std_ratio_pct": 34.67615246772766,
      "kink_std_ratio_pct": NaN,
      "r_free_all": 0.5469783012163812,
      "r_near_goal": 0.32093694459540345,
      "r_far_from_goal": 0.5271635542816744
    },
    {
      "theta_deg": 150.0,
      "sample_idx": 0,
      "sample_id": 2450,
      "goal": [
        0.767009973526001,
        0.44733163714408875
      ],
      "n_free": 258987,
      "n_away": 253349,
      "n_near_goal": 59702,
      "n_far_from_goal": 199285,
      "gt_std_away": 0.19550958275794983,
      "gt_range_away": 0.8751814961433411,
      "pred_std_away": 0.06930037587881088,
      "pred_range_away": 0.31600847840309143,
      "std_ratio_away_pct": 35.44602515192723,
      "range_ratio_away_pct": 36.10776505166583,
      "whole_std_ratio_pct": 34.321725368499756,
      "kink_std_ratio_pct": 19.816115498542786,
      "r_free_all": 0.41385543562213356,
      "r_near_goal": 0.25635975128835803,
      "r_far_from_goal": 0.3414910967772668
    },
    {
      "theta_deg": 120.0,
      "sample_idx": 0,
      "sample_id": 2650,
      "goal": [
        0.38995853066444397,
        0.4875757396221161
      ],
      "n_free": 260252,
      "n_away": 253916,
      "n_near_goal": 64377,
      "n_far_from_goal": 195875,
      "gt_std_away": 0.15111227333545685,
      "gt_range_away": 0.7274213433265686,
      "pred_std_away": 0.07329393178224564,
      "pred_range_away": 0.32227593660354614,
      "std_ratio_away_pct": 48.502964163300696,
      "range_ratio_away_pct": 44.30388791312431,
      "whole_std_ratio_pct": 47.04356491565704,
      "kink_std_ratio_pct": 89.33625221252441,
      "r_free_all": 0.7564802523596131,
      "r_near_goal": 0.7809143894926884,
      "r_far_from_goal": 0.5973859991710235
    },
    {
      "theta_deg": 90.0,
      "sample_idx": 0,
      "sample_id": 2850,
      "goal": [
        0.5922921299934387,
        0.29801857471466064
      ],
      "n_free": 257783,
      "n_away": 252444,
      "n_near_goal": 65633,
      "n_far_from_goal": 192150,
      "gt_std_away": 0.1812564879655838,
      "gt_range_away": 0.8495163917541504,
      "pred_std_away": 0.06978870183229446,
      "pred_range_away": 0.3066691756248474,
      "std_ratio_away_pct": 38.50273312453546,
      "range_ratio_away_pct": 36.09926525274127,
      "whole_std_ratio_pct": 37.27161884307861,
      "kink_std_ratio_pct": 136.358380317688,
      "r_free_all": 0.49855528356124734,
      "r_near_goal": 0.2026575884353128,
      "r_far_from_goal": 0.4683803067076019
    },
    {
      "theta_deg": 60.0,
      "sample_idx": 0,
      "sample_id": 3050,
      "goal": [
        0.10646704584360123,
        0.11404627561569214
      ],
      "n_free": 259828,
      "n_away": 253843,
      "n_near_goal": 35621,
      "n_far_from_goal": 224207,
      "gt_std_away": 0.26689669489860535,
      "gt_range_away": 1.1896307468414307,
      "pred_std_away": 0.06855321675539017,
      "pred_range_away": 0.31640803813934326,
      "std_ratio_away_pct": 25.68529999273078,
      "range_ratio_away_pct": 26.5971637820755,
      "whole_std_ratio_pct": 25.990256667137146,
      "kink_std_ratio_pct": 28.963682055473328,
      "r_free_all": 0.0666220313091866,
      "r_near_goal": -0.8935621656555113,
      "r_far_from_goal": 0.44760537724113036
    },
    {
      "theta_deg": 30.0,
      "sample_idx": 0,
      "sample_id": 3250,
      "goal": [
        0.398091584444046,
        0.9206117391586304
      ],
      "n_free": 260480,
      "n_away": 253940,
      "n_near_goal": 44520,
      "n_far_from_goal": 215960,
      "gt_std_away": 0.23964625597000122,
      "gt_range_away": 1.0300348997116089,
      "pred_std_away": 0.07535155862569809,
      "pred_range_away": 0.32710137963294983,
      "std_ratio_away_pct": 31.442827396030985,
      "range_ratio_away_pct": 31.756339491461144,
      "whole_std_ratio_pct": 30.348902940750122,
      "kink_std_ratio_pct": 85.98413467407227,
      "r_free_all": 0.3486188247643358,
      "r_near_goal": -0.1572388709151263,
      "r_far_from_goal": 0.5064058286491697
    },
    {
      "theta_deg": 10.0,
      "sample_idx": 0,
      "sample_id": 3450,
      "goal": [
        0.768030047416687,
        0.7194685339927673
      ],
      "n_free": 260572,
      "n_away": 253942,
      "n_near_goal": 61202,
      "n_far_from_goal": 199370,
      "gt_std_away": 0.22119048237800598,
      "gt_range_away": 0.9825772047042847,
      "pred_std_away": 0.07168705761432648,
      "pred_range_away": 0.318976491689682,
      "std_ratio_away_pct": 32.40964839156871,
      "range_ratio_away_pct": 32.463249723535036,
      "whole_std_ratio_pct": 31.491181254386902,
      "kink_std_ratio_pct": 31.647855043411255,
      "r_free_all": 0.4261338848673415,
      "r_near_goal": 0.2626950523399948,
      "r_far_from_goal": 0.5115373652047245
    }
  ],
  "aggregate": {
    "mean_std_ratio_away_pct": 35.3688977464209,
    "mean_range_ratio_away_pct": 34.82290917610511,
    "mean_whole_std_ratio_pct": 34.44905749389103,
    "mean_kink_std_ratio_pct": 65.35106996695201,
    "mean_r_near_goal": 0.11039466994015999,
    "mean_r_far_from_goal": 0.4857099325760844,
    "mean_r_free_all": 0.43674914481431987,
    "pattern": "MIXED / WEAK CORRELATION"
  },
  "contour_path": "results/diagnosis/check2_reduced_capacity_verify/contour_comparison_theta90.png",
  "report": "AWAY-FROM-EVERYTHING REGION (excl. kink mask AND goal-proximity 5% diag):\n  Samples: thetas=[180, 150, 120, 90, 60, 30, 10], idx=0, res=512\n  GT std / range (mean over samples): 0.2080 / 0.9379\n  Pred std / range (mean over samples): 0.0713 / 0.3199\n  Ratio std: 35.4% (per-\u03b8 25.7\u201348.5%)\n  Ratio range: 34.8% (per-\u03b8 26.6\u201344.3%)\n  Compare \u2014 near-kink std ratio (5% band): 19.8\u2013136.4% (mean 65.4%)\n  Compare \u2014 whole-domain free-space std ratio: 34.4% (prior baseline ~19\u201322%)\n\nPOINTWISE CORRELATION (Pearson r, free pixels):\n  All free pixels (mean over samples): 0.437\n  Near goal (within 20% domain diagonal): 0.110\n  Everywhere else (free, outside 20% goal zone): 0.486\n  Pattern: MIXED / WEAK CORRELATION\n\nCONTOUR COMPARISON: \u03b8=90 sample 0 (id=2850); saved contour_comparison_theta90.png. GT free V [0.000, 0.919]; pred free V [0.265, 0.572]. GT contours (blue, solid) and FNO pred contours (red, dashed), 9 levels each on [0,1]^2 with occupancy underlay."
}