{
  "checkpoint": "/home/jordan/Documents/Fundamental Research in Deep Learning/control_dataset/checkpoints/modes32/fno_best_val_kink.pt",
  "resolution": 512,
  "sample_idx": 0,
  "goal_exclude_frac": 0.05,
  "goal_near_frac": 0.2,
  "samples": [
    {
      "theta_deg": 180.0,
      "sample_idx": 0,
      "sample_id": 2250,
      "goal": [
        0.663537859916687,
        0.7229028344154358
      ],
      "n_free": 259926,
      "n_away": 255819,
      "n_near_goal": 65540,
      "n_far_from_goal": 194386,
      "gt_std_away": 0.20049862563610077,
      "gt_range_away": 0.9107791781425476,
      "pred_std_away": 0.05654687434434891,
      "pred_range_away": 0.29089081287384033,
      "std_ratio_away_pct": 28.203123171018568,
      "range_ratio_away_pct": 31.93867622963077,
      "whole_std_ratio_pct": 27.39717960357666,
      "kink_std_ratio_pct": NaN,
      "r_free_all": 0.36971935629844666,
      "r_near_goal": 0.2060290426015854,
      "r_far_from_goal": 0.3964729309082031
    },
    {
      "theta_deg": 150.0,
      "sample_idx": 0,
      "sample_id": 2450,
      "goal": [
        0.767009973526001,
        0.44733163714408875
      ],
      "n_free": 258987,
      "n_away": 253349,
      "n_near_goal": 59702,
      "n_far_from_goal": 199285,
      "gt_std_away": 0.19550958275794983,
      "gt_range_away": 0.8751814961433411,
      "pred_std_away": 0.05627889931201935,
      "pred_range_away": 0.22196441888809204,
      "std_ratio_away_pct": 28.7857497919656,
      "range_ratio_away_pct": 25.36210144595399,
      "whole_std_ratio_pct": 27.763041853904724,
      "kink_std_ratio_pct": 36.86579763889313,
      "r_free_all": 0.3361891806125641,
      "r_near_goal": 0.12817710638046265,
      "r_far_from_goal": 0.3836958408355713
    },
    {
      "theta_deg": 120.0,
      "sample_idx": 0,
      "sample_id": 2650,
      "goal": [
        0.38995853066444397,
        0.4875757396221161
      ],
      "n_free": 260252,
      "n_away": 253916,
      "n_near_goal": 64377,
      "n_far_from_goal": 195875,
      "gt_std_away": 0.15111227333545685,
      "gt_range_away": 0.7274213433265686,
      "pred_std_away": 0.05636104941368103,
      "pred_range_away": 0.2946798801422119,
      "std_ratio_away_pct": 37.297466426545064,
      "range_ratio_away_pct": 40.51020537761679,
      "whole_std_ratio_pct": 36.40258312225342,
      "kink_std_ratio_pct": 69.78429555892944,
      "r_free_all": 0.8662827014923096,
      "r_near_goal": 0.7269078493118286,
      "r_far_from_goal": 0.7688449621200562
    },
    {
      "theta_deg": 90.0,
      "sample_idx": 0,
      "sample_id": 2850,
      "goal": [
        0.5922921299934387,
        0.29801857471466064
      ],
      "n_free": 257783,
      "n_away": 252444,
      "n_near_goal": 65633,
      "n_far_from_goal": 192150,
      "gt_std_away": 0.1812564879655838,
      "gt_range_away": 0.8495163917541504,
      "pred_std_away": 0.054068755358457565,
      "pred_range_away": 0.21783235669136047,
      "std_ratio_away_pct": 29.829969655333887,
      "range_ratio_away_pct": 25.641925077109175,
      "whole_std_ratio_pct": 28.866282105445862,
      "kink_std_ratio_pct": 91.17155075073242,
      "r_free_all": 0.5204440355300903,
      "r_near_goal": 0.19098646938800812,
      "r_far_from_goal": 0.4216238260269165
    },
    {
      "theta_deg": 60.0,
      "sample_idx": 0,
      "sample_id": 3050,
      "goal": [
        0.10646704584360123,
        0.11404627561569214
      ],
      "n_free": 259828,
      "n_away": 253843,
      "n_near_goal": 35621,
      "n_far_from_goal": 224207,
      "gt_std_away": 0.26689669489860535,
      "gt_range_away": 1.1896307468414307,
      "pred_std_away": 0.055437371134757996,
      "pred_range_away": 0.33656060695648193,
      "std_ratio_away_pct": 20.771096905422066,
      "range_ratio_away_pct": 28.291182608559716,
      "whole_std_ratio_pct": 20.542331039905548,
      "kink_std_ratio_pct": 43.704164028167725,
      "r_free_all": 0.2820739448070526,
      "r_near_goal": -0.8416881561279297,
      "r_far_from_goal": 0.5892966389656067
    },
    {
      "theta_deg": 30.0,
      "sample_idx": 0,
      "sample_id": 3250,
      "goal": [
        0.398091584444046,
        0.9206117391586304
      ],
      "n_free": 260480,
      "n_away": 253940,
      "n_near_goal": 44520,
      "n_far_from_goal": 215960,
      "gt_std_away": 0.23964625597000122,
      "gt_range_away": 1.0300348997116089,
      "pred_std_away": 0.05749167129397392,
      "pred_range_away": 0.22545397281646729,
      "std_ratio_away_pct": 23.990223031554766,
      "range_ratio_away_pct": 21.887993589303655,
      "whole_std_ratio_pct": 23.177315294742584,
      "kink_std_ratio_pct": 74.02883768081665,
      "r_free_all": 0.32031863927841187,
      "r_near_goal": 0.1666983664035797,
      "r_far_from_goal": 0.3073866367340088
    },
    {
      "theta_deg": 10.0,
      "sample_idx": 0,
      "sample_id": 3450,
      "goal": [
        0.768030047416687,
        0.7194685339927673
      ],
      "n_free": 260572,
      "n_away": 253942,
      "n_near_goal": 61202,
      "n_far_from_goal": 199370,
      "gt_std_away": 0.22119048237800598,
      "gt_range_away": 0.9825772047042847,
      "pred_std_away": 0.056752465665340424,
      "pred_range_away": 0.218828022480011,
      "std_ratio_away_pct": 25.657734028696883,
      "range_ratio_away_pct": 22.270822224689123,
      "whole_std_ratio_pct": 24.871066212654114,
      "kink_std_ratio_pct": 31.195086240768433,
      "r_free_all": 0.22750072181224823,
      "r_near_goal": 0.06270472705364227,
      "r_far_from_goal": 0.47941967844963074
    }
  ],
  "aggregate": {
    "mean_std_ratio_away_pct": 27.790766144362404,
    "mean_range_ratio_away_pct": 27.986129507551883,
    "mean_whole_std_ratio_pct": 27.002828461783274,
    "mean_kink_std_ratio_pct": 57.7916219830513,
    "mean_r_near_goal": 0.09140220071588244,
    "mean_r_far_from_goal": 0.47810578771999906,
    "mean_r_free_all": 0.4175040828330176,
    "pattern": "MIXED / WEAK CORRELATION"
  },
  "contour_path": "/home/jordan/Documents/Fundamental Research in Deep Learning/control_dataset/results/diagnosis/check2_modes32/contour_comparison_theta90.png",
  "report": "AWAY-FROM-EVERYTHING REGION (excl. kink mask AND goal-proximity 5% diag):\n  Samples: thetas=[180, 150, 120, 90, 60, 30, 10], idx=0, res=512\n  GT std / range (mean over samples): 0.2080 / 0.9379\n  Pred std / range (mean over samples): 0.0561 / 0.2580\n  Ratio std: 27.8% (per-\u03b8 20.8\u201337.3%)\n  Ratio range: 28.0% (per-\u03b8 21.9\u201340.5%)\n  Compare \u2014 near-kink std ratio (5% band): 31.2\u201391.2% (mean 57.8%)\n  Compare \u2014 whole-domain free-space std ratio: 27.0% (prior baseline ~19\u201322%)\n\nPOINTWISE CORRELATION (Pearson r, free pixels):\n  All free pixels (mean over samples): 0.418\n  Near goal (within 20% domain diagonal): 0.091\n  Everywhere else (free, outside 20% goal zone): 0.478\n  Pattern: MIXED / WEAK CORRELATION\n\nCONTOUR COMPARISON: \u03b8=90 sample 0 (id=2850); saved contour_comparison_theta90.png. GT free V [0.000, 0.919]; pred free V [0.269, 0.487]. GT contours (blue, solid) and FNO pred contours (red, dashed), 9 levels each on [0,1]^2 with occupancy underlay."
}