{
  "checkpoint": "/home/jordan/Documents/Fundamental Research in Deep Learning/control_dataset/checkpoints/fno_best_val_kink.pt",
  "resolution": 512,
  "sample_idx": 0,
  "goal_exclude_frac": 0.05,
  "goal_near_frac": 0.2,
  "samples": [
    {
      "theta_deg": 180.0,
      "sample_idx": 0,
      "sample_id": 2250,
      "goal": [
        0.663537859916687,
        0.7229028344154358
      ],
      "n_free": 259926,
      "n_away": 255819,
      "n_near_goal": 65540,
      "n_far_from_goal": 194386,
      "gt_std_away": 0.20049862563610077,
      "gt_range_away": 0.9107791781425476,
      "pred_std_away": 0.03955656290054321,
      "pred_range_away": 0.19242066144943237,
      "std_ratio_away_pct": 19.729094289323076,
      "range_ratio_away_pct": 21.127037822917412,
      "whole_std_ratio_pct": 19.27674114704132,
      "kink_std_ratio_pct": NaN,
      "r_free_all": 0.6029368042945862,
      "r_near_goal": 0.41851770877838135,
      "r_far_from_goal": 0.5289047956466675
    },
    {
      "theta_deg": 150.0,
      "sample_idx": 0,
      "sample_id": 2450,
      "goal": [
        0.767009973526001,
        0.44733163714408875
      ],
      "n_free": 258987,
      "n_away": 253349,
      "n_near_goal": 59702,
      "n_far_from_goal": 199285,
      "gt_std_away": 0.19550958275794983,
      "gt_range_away": 0.8751814961433411,
      "pred_std_away": 0.038259465247392654,
      "pred_range_away": 0.16778820753097534,
      "std_ratio_away_pct": 19.56909973807253,
      "range_ratio_away_pct": 19.17181844798673,
      "whole_std_ratio_pct": 19.009670615196228,
      "kink_std_ratio_pct": 24.697549641132355,
      "r_free_all": 0.4583536982536316,
      "r_near_goal": 0.22440972924232483,
      "r_far_from_goal": 0.46049490571022034
    },
    {
      "theta_deg": 120.0,
      "sample_idx": 0,
      "sample_id": 2650,
      "goal": [
        0.38995853066444397,
        0.4875757396221161
      ],
      "n_free": 260252,
      "n_away": 253916,
      "n_near_goal": 64377,
      "n_far_from_goal": 195875,
      "gt_std_away": 0.15111227333545685,
      "gt_range_away": 0.7274213433265686,
      "pred_std_away": 0.039916377514600754,
      "pred_range_away": 0.18966048955917358,
      "std_ratio_away_pct": 26.415046662682172,
      "range_ratio_away_pct": 26.072989375296263,
      "whole_std_ratio_pct": 25.657039880752563,
      "kink_std_ratio_pct": 57.86329507827759,
      "r_free_all": 0.6995118856430054,
      "r_near_goal": 0.6499083042144775,
      "r_far_from_goal": 0.5402773022651672
    },
    {
      "theta_deg": 90.0,
      "sample_idx": 0,
      "sample_id": 2850,
      "goal": [
        0.5922921299934387,
        0.29801857471466064
      ],
      "n_free": 257783,
      "n_away": 252444,
      "n_near_goal": 65633,
      "n_far_from_goal": 192150,
      "gt_std_away": 0.1812564879655838,
      "gt_range_away": 0.8495163917541504,
      "pred_std_away": 0.04045109823346138,
      "pred_range_away": 0.18049269914627075,
      "std_ratio_away_pct": 22.317048447469677,
      "range_ratio_away_pct": 21.246523421822946,
      "whole_std_ratio_pct": 21.668261289596558,
      "kink_std_ratio_pct": 91.85962677001953,
      "r_free_all": 0.5113509297370911,
      "r_near_goal": 0.17544414103031158,
      "r_far_from_goal": 0.42497190833091736
    },
    {
      "theta_deg": 60.0,
      "sample_idx": 0,
      "sample_id": 3050,
      "goal": [
        0.10646704584360123,
        0.11404627561569214
      ],
      "n_free": 259828,
      "n_away": 253843,
      "n_near_goal": 35621,
      "n_far_from_goal": 224207,
      "gt_std_away": 0.26689669489860535,
      "gt_range_away": 1.1896307468414307,
      "pred_std_away": 0.037358976900577545,
      "pred_range_away": 0.17902398109436035,
      "std_ratio_away_pct": 13.997541975845863,
      "range_ratio_away_pct": 15.048701588260393,
      "whole_std_ratio_pct": 14.151932299137115,
      "kink_std_ratio_pct": 17.887108027935028,
      "r_free_all": -0.011167313903570175,
      "r_near_goal": -0.9052385091781616,
      "r_far_from_goal": 0.39293962717056274
    },
    {
      "theta_deg": 30.0,
      "sample_idx": 0,
      "sample_id": 3250,
      "goal": [
        0.398091584444046,
        0.9206117391586304
      ],
      "n_free": 260480,
      "n_away": 253940,
      "n_near_goal": 44520,
      "n_far_from_goal": 215960,
      "gt_std_away": 0.23964625597000122,
      "gt_range_away": 1.0300348997116089,
      "pred_std_away": 0.03988724946975708,
      "pred_range_away": 0.17391115427017212,
      "std_ratio_away_pct": 16.644219751444872,
      "range_ratio_away_pct": 16.884006000074763,
      "whole_std_ratio_pct": 16.048209369182587,
      "kink_std_ratio_pct": 28.08065116405487,
      "r_free_all": 0.360694020986557,
      "r_near_goal": -0.05510368198156357,
      "r_far_from_goal": 0.47300854325294495
    },
    {
      "theta_deg": 10.0,
      "sample_idx": 0,
      "sample_id": 3450,
      "goal": [
        0.768030047416687,
        0.7194685339927673
      ],
      "n_free": 260572,
      "n_away": 253942,
      "n_near_goal": 61202,
      "n_far_from_goal": 199370,
      "gt_std_away": 0.22119048237800598,
      "gt_range_away": 0.9825772047042847,
      "pred_std_away": 0.03878433629870415,
      "pred_range_away": 0.17377710342407227,
      "std_ratio_away_pct": 17.53436037651169,
      "range_ratio_away_pct": 17.68584723847446,
      "whole_std_ratio_pct": 17.09311157464981,
      "kink_std_ratio_pct": 14.01946097612381,
      "r_free_all": 0.49648353457450867,
      "r_near_goal": 0.33117926120758057,
      "r_far_from_goal": 0.56181401014328
    }
  ],
  "aggregate": {
    "mean_std_ratio_away_pct": 19.45805874876427,
    "mean_range_ratio_away_pct": 19.605274842118995,
    "mean_whole_std_ratio_pct": 18.98642373936517,
    "mean_kink_std_ratio_pct": 39.06794860959053,
    "mean_r_near_goal": 0.1198738504733358,
    "mean_r_far_from_goal": 0.48320158464568,
    "mean_r_free_all": 0.4454519370836871,
    "pattern": "MIXED / WEAK CORRELATION"
  },
  "contour_path": "/home/jordan/Documents/Fundamental Research in Deep Learning/control_dataset/results/diagnosis/check2_fno_best_val_kink.pt/contour_comparison_theta90.png",
  "report": "AWAY-FROM-EVERYTHING REGION (excl. kink mask AND goal-proximity 5% diag):\n  Samples: thetas=[180, 150, 120, 90, 60, 30, 10], idx=0, res=512\n  GT std / range (mean over samples): 0.2080 / 0.9379\n  Pred std / range (mean over samples): 0.0392 / 0.1796\n  Ratio std: 19.5% (per-\u03b8 14.0\u201326.4%)\n  Ratio range: 19.6% (per-\u03b8 15.0\u201326.1%)\n  Compare \u2014 near-kink std ratio (5% band): 14.0\u201391.9% (mean 39.1%)\n  Compare \u2014 whole-domain free-space std ratio: 19.0% (prior baseline ~19\u201322%)\n\nPOINTWISE CORRELATION (Pearson r, free pixels):\n  All free pixels (mean over samples): 0.445\n  Near goal (within 20% domain diagonal): 0.120\n  Everywhere else (free, outside 20% goal zone): 0.483\n  Pattern: MIXED / WEAK CORRELATION\n\nCONTOUR COMPARISON: \u03b8=90 sample 0 (id=2850); saved contour_comparison_theta90.png. GT free V [0.000, 0.919]; pred free V [0.265, 0.446]. GT contours (blue, solid) and FNO pred contours (red, dashed), 9 levels each on [0,1]^2 with occupancy underlay."
}