{
  "checkpoint": "checkpoints/modes32/fno_best_val_kink.pt",
  "resolution": 512,
  "sample_idx": 0,
  "goal_exclude_frac": 0.05,
  "goal_near_frac": 0.2,
  "samples": [
    {
      "theta_deg": 180.0,
      "sample_idx": 0,
      "sample_id": 2250,
      "goal": [
        0.663537859916687,
        0.7229028344154358
      ],
      "n_free": 259926,
      "n_away": 255819,
      "n_near_goal": 65540,
      "n_far_from_goal": 194386,
      "gt_std_away": 0.20049862563610077,
      "gt_range_away": 0.9107791781425476,
      "pred_std_away": 0.05654187873005867,
      "pred_range_away": 0.2908625900745392,
      "std_ratio_away_pct": 28.200631575739855,
      "range_ratio_away_pct": 31.93557747638976,
      "whole_std_ratio_pct": 27.39475965499878,
      "kink_std_ratio_pct": NaN,
      "r_free_all": 0.36971031741005383,
      "r_near_goal": 0.20602254475744786,
      "r_far_from_goal": 0.39646556429919644
    },
    {
      "theta_deg": 150.0,
      "sample_idx": 0,
      "sample_id": 2450,
      "goal": [
        0.767009973526001,
        0.44733163714408875
      ],
      "n_free": 258987,
      "n_away": 253349,
      "n_near_goal": 59702,
      "n_far_from_goal": 199285,
      "gt_std_away": 0.19550958275794983,
      "gt_range_away": 0.8751814961433411,
      "pred_std_away": 0.05627407878637314,
      "pred_range_away": 0.22195011377334595,
      "std_ratio_away_pct": 28.783284170803604,
      "range_ratio_away_pct": 25.36046691473856,
      "whole_std_ratio_pct": 27.76065170764923,
      "kink_std_ratio_pct": 36.86538338661194,
      "r_free_all": 0.33618963461818174,
      "r_near_goal": 0.12816367653619645,
      "r_far_from_goal": 0.38370687879320425
    },
    {
      "theta_deg": 120.0,
      "sample_idx": 0,
      "sample_id": 2650,
      "goal": [
        0.38995853066444397,
        0.4875757396221161
      ],
      "n_free": 260252,
      "n_away": 253916,
      "n_near_goal": 64377,
      "n_far_from_goal": 195875,
      "gt_std_away": 0.15111227333545685,
      "gt_range_away": 0.7274213433265686,
      "pred_std_away": 0.05635601282119751,
      "pred_range_away": 0.29464566707611084,
      "std_ratio_away_pct": 37.2941334130364,
      "range_ratio_away_pct": 40.50550204214074,
      "whole_std_ratio_pct": 36.39937341213226,
      "kink_std_ratio_pct": 69.78313326835632,
      "r_free_all": 0.8662786571923481,
      "r_near_goal": 0.7269046834761694,
      "r_far_from_goal": 0.7688321330589871
    },
    {
      "theta_deg": 90.0,
      "sample_idx": 0,
      "sample_id": 2850,
      "goal": [
        0.5922921299934387,
        0.29801857471466064
      ],
      "n_free": 257783,
      "n_away": 252444,
      "n_near_goal": 65633,
      "n_far_from_goal": 192150,
      "gt_std_away": 0.1812564879655838,
      "gt_range_away": 0.8495163917541504,
      "pred_std_away": 0.05406418815255165,
      "pred_range_away": 0.21779972314834595,
      "std_ratio_away_pct": 29.82744990778875,
      "range_ratio_away_pct": 25.63808365117186,
      "whole_std_ratio_pct": 28.863850235939026,
      "kink_std_ratio_pct": 91.1806046962738,
      "r_free_all": 0.5204599001547674,
      "r_near_goal": 0.19098441406271277,
      "r_far_from_goal": 0.42163894497626486
    },
    {
      "theta_deg": 60.0,
      "sample_idx": 0,
      "sample_id": 3050,
      "goal": [
        0.10646704584360123,
        0.11404627561569214
      ],
      "n_free": 259828,
      "n_away": 253843,
      "n_near_goal": 35621,
      "n_far_from_goal": 224207,
      "gt_std_away": 0.26689669489860535,
      "gt_range_away": 1.1896307468414307,
      "pred_std_away": 0.05543231964111328,
      "pred_range_away": 0.33652734756469727,
      "std_ratio_away_pct": 20.769204227940005,
      "range_ratio_away_pct": 28.28838683416729,
      "whole_std_ratio_pct": 20.54046541452408,
      "kink_std_ratio_pct": 43.70488226413727,
      "r_free_all": 0.2820785166823547,
      "r_near_goal": -0.841692527859743,
      "r_far_from_goal": 0.5893005141201682
    },
    {
      "theta_deg": 30.0,
      "sample_idx": 0,
      "sample_id": 3250,
      "goal": [
        0.398091584444046,
        0.9206117391586304
      ],
      "n_free": 260480,
      "n_away": 253940,
      "n_near_goal": 44520,
      "n_far_from_goal": 215960,
      "gt_std_away": 0.23964625597000122,
      "gt_range_away": 1.0300348997116089,
      "pred_std_away": 0.05748656392097473,
      "pred_range_away": 0.22538959980010986,
      "std_ratio_away_pct": 23.988091818205106,
      "range_ratio_away_pct": 21.881743993646708,
      "whole_std_ratio_pct": 23.17526489496231,
      "kink_std_ratio_pct": 74.03073310852051,
      "r_free_all": 0.3203050845004832,
      "r_near_goal": 0.16669925823418788,
      "r_far_from_goal": 0.3073731576277373
    },
    {
      "theta_deg": 10.0,
      "sample_idx": 0,
      "sample_id": 3450,
      "goal": [
        0.768030047416687,
        0.7194685339927673
      ],
      "n_free": 260572,
      "n_away": 253942,
      "n_near_goal": 61202,
      "n_far_from_goal": 199370,
      "gt_std_away": 0.22119048237800598,
      "gt_range_away": 0.9825772047042847,
      "pred_std_away": 0.05674753338098526,
      "pred_range_away": 0.21880778670310974,
      "std_ratio_away_pct": 25.655504147780604,
      "range_ratio_away_pct": 22.268762765462473,
      "whole_std_ratio_pct": 24.86889958381653,
      "kink_std_ratio_pct": 31.19686245918274,
      "r_free_all": 0.22749274499666955,
      "r_near_goal": 0.06269723011276897,
      "r_far_from_goal": 0.47941510819862787
    }
  ],
  "aggregate": {
    "mean_std_ratio_away_pct": 27.788328465899188,
    "mean_range_ratio_away_pct": 27.982646239673908,
    "mean_whole_std_ratio_pct": 27.000466414860316,
    "mean_kink_std_ratio_pct": 57.7935998638471,
    "mean_r_near_goal": 0.09139703990282007,
    "mean_r_far_from_goal": 0.47810461443916935,
    "mean_r_free_all": 0.41750212222212263,
    "pattern": "MIXED / WEAK CORRELATION"
  },
  "contour_path": "results/diagnosis/check2_modes32_verify/contour_comparison_theta90.png",
  "report": "AWAY-FROM-EVERYTHING REGION (excl. kink mask AND goal-proximity 5% diag):\n  Samples: thetas=[180, 150, 120, 90, 60, 30, 10], idx=0, res=512\n  GT std / range (mean over samples): 0.2080 / 0.9379\n  Pred std / range (mean over samples): 0.0561 / 0.2580\n  Ratio std: 27.8% (per-\u03b8 20.8\u201337.3%)\n  Ratio range: 28.0% (per-\u03b8 21.9\u201340.5%)\n  Compare \u2014 near-kink std ratio (5% band): 31.2\u201391.2% (mean 57.8%)\n  Compare \u2014 whole-domain free-space std ratio: 27.0% (prior baseline ~19\u201322%)\n\nPOINTWISE CORRELATION (Pearson r, free pixels):\n  All free pixels (mean over samples): 0.418\n  Near goal (within 20% domain diagonal): 0.091\n  Everywhere else (free, outside 20% goal zone): 0.478\n  Pattern: MIXED / WEAK CORRELATION\n\nCONTOUR COMPARISON: \u03b8=90 sample 0 (id=2850); saved contour_comparison_theta90.png. GT free V [0.000, 0.919]; pred free V [0.269, 0.487]. GT contours (blue, solid) and FNO pred contours (red, dashed), 9 levels each on [0,1]^2 with occupancy underlay."
}